[{"id":"user-image-1684790504325.png","publicUrl":"np://user.desktop.nicepage.com/Site_122039814/images/1684790504325.png","size":39904,"hash":"aGFZ8cSr3gNl5bGKPiShM5F7t14=","fileName":"1684790504325.png","name":"1684790504325","width":800,"height":800,"thumbnail":{"url":"np://user.desktop.nicepage.com/Site_122039814/images/thumbnails/1684790504325.png","width":250,"height":250},"folderId":null,"usages":[]},{"id":"user-image-HellerTransparenterBackground.png","publicUrl":"np://user.desktop.nicepage.com/Site_122039814/images/HellerTransparenterBackground.png","size":296343,"hash":"hhARuiIpAGFRL56vnhydr+j68Kk=","fileName":"HellerTransparenterBackground.png","name":"HellerTransparenterBackground","width":1080,"height":1080,"thumbnail":{"url":"np://user.desktop.nicepage.com/Site_122039814/images/thumbnails/HellerTransparenterBackground.png","width":250,"height":250},"folderId":null,"usages":["99733346"]}]