[{"id":"user-image-1684790504325.png","publicUrl":"np://user.desktop.nicepage.com/Site_122039814/images/1684790504325.png","size":39904,"hash":"aGFZ8cSr3gNl5bGKPiShM5F7t14=","fileName":"1684790504325.png","name":"1684790504325","width":800,"height":800,"thumbnail":{"url":"np://user.desktop.nicepage.com/Site_122039814/images/thumbnails/1684790504325.png","width":250,"height":250},"folderId":null,"usages":[]},{"id":"user-image-HellerTransparenterBackground.png","publicUrl":"np://user.desktop.nicepage.com/Site_122039814/images/HellerTransparenterBackground.png","size":296343,"hash":"hhARuiIpAGFRL56vnhydr+j68Kk=","fileName":"HellerTransparenterBackground.png","name":"HellerTransparenterBackground","width":1080,"height":1080,"thumbnail":{"url":"np://user.desktop.nicepage.com/Site_122039814/images/thumbnails/HellerTransparenterBackground.png","width":250,"height":250},"folderId":null,"usages":["99733346"]},{"id":"user-image-icons8-instagram-480.png","publicUrl":"np://user.desktop.nicepage.com/Site_122039814/images/icons8-instagram-480.png","size":31676,"hash":"QEgvZ/EUqfvoHYcg6Cf6sF3uV30=","fileName":"icons8-instagram-480.png","name":"icons8-instagram-480","width":480,"height":480,"thumbnail":{"url":"np://user.desktop.nicepage.com/Site_122039814/images/thumbnails/icons8-instagram-480.png","width":250,"height":250},"folderId":null,"usages":[]},{"id":"user-image-icons8-tiktok-480.png","publicUrl":"np://user.desktop.nicepage.com/Site_122039814/images/icons8-tiktok-480.png","size":14132,"hash":"3UVjDMizXiY1F00fC1zFGPv1mrU=","fileName":"icons8-tiktok-480.png","name":"icons8-tiktok-480","width":480,"height":480,"thumbnail":{"url":"np://user.desktop.nicepage.com/Site_122039814/images/thumbnails/icons8-tiktok-480.png","width":250,"height":250},"folderId":null,"usages":[]},{"id":"user-image-discord-logo-png-7616.png","publicUrl":"np://user.desktop.nicepage.com/Site_122039814/images/discord-logo-png-7616.png","size":12239,"hash":"SRnZjr55YwOZl0S70p322/MaLGM=","fileName":"discord-logo-png-7616.png","name":"discord-logo-png-7616","width":263,"height":300,"thumbnail":{"url":"np://user.desktop.nicepage.com/Site_122039814/images/thumbnails/discord-logo-png-7616.png","width":219,"height":250},"folderId":null,"usages":[]}]